{
  "features": [
    "A_frequency",
    "NS_frequency",
    "CNAME_frequency",
    "SOA_frequency",
    "NULL_frequency",
    "PTR_frequency",
    "HINFO_frequency",
    "MX_frequency",
    "TXT_frequency",
    "AAAA_frequency",
    "SRV_frequency",
    "OPT_frequency",
    "rr_count",
    "rr_name_entropy",
    "rr_name_length",
    "distinct_ns",
    "a_records",
    "ttl_mean",
    "ttl_variance"
  ],
  "lime_values": {
    "ttl_mean": 0.24069611639645122,
    "A_frequency": 0.20385932155095773,
    "ttl_variance": 0.19206255661252133,
    "rr_count": 0.1900003607477329,
    "distinct_ns": 0.0988277157255762,
    "3.10": 0.02965320870895587,
    "24.00": -0.010692729664333715,
    "2.00": -0.001486635556183469,
    "a_records": 0.0,
    "NS_frequency": 0.0,
    "CNAME_frequency": 0.0,
    "SOA_frequency": 0.0,
    "NULL_frequency": 0.0,
    "HINFO_frequency": 0.0,
    "MX_frequency": 0.0,
    "TXT_frequency": 0.0,
    "AAAA_frequency": 0.0,
    "SRV_frequency": 0.0,
    "OPT_frequency": 0.0
  },
  "feature_values": [
    0.0,
    0.0,
    0.0,
    0.0,
    0.0,
    3.0,
    0.0,
    0.0,
    0.0,
    0.0,
    0.0,
    0.0,
    0.0,
    3.1858087205453125,
    26.0,
    0.0,
    0.0,
    1.0,
    0.0
  ],
  "prediction": "DNS_EXFILTRATION",
  "prediction_proba": [
    0.1958279013633728,
    0.8041720986366272
  ],
  "class_names": [
    "BENIGN",
    "DNS_EXFILTRATION"
  ]
}