{
  "features": [
    "A_frequency",
    "NS_frequency",
    "CNAME_frequency",
    "SOA_frequency",
    "NULL_frequency",
    "PTR_frequency",
    "HINFO_frequency",
    "MX_frequency",
    "TXT_frequency",
    "AAAA_frequency",
    "SRV_frequency",
    "OPT_frequency",
    "rr_count",
    "rr_name_entropy",
    "rr_name_length",
    "distinct_ns",
    "a_records",
    "ttl_mean",
    "ttl_variance"
  ],
  "shap_values": [
    0.11618907381195286,
    0.0,
    0.0,
    0.0,
    0.0,
    0.013014688092181734,
    0.0,
    0.0,
    0.0,
    0.0,
    0.0,
    0.0,
    0.050960578389343765,
    0.016043634539565105,
    0.002215987930606733,
    0.029300072142705927,
    0.0,
    0.09080169886901285,
    0.037296807031943165
  ],
  "feature_values": [
    0.0,
    0.0,
    0.0,
    0.0,
    0.0,
    3.0,
    0.0,
    0.0,
    0.0,
    0.0,
    0.0,
    0.0,
    0.0,
    3.1858087205453125,
    26.0,
    0.0,
    0.0,
    1.0,
    0.0
  ],
  "base_value": 0.44834955782931507
}