{
  "dataset": "Syn",
  "model": "CNN-LSTM",
  "timestamp": "2025-11-23T20:59:38.618210",
  "overall_metrics": {
    "accuracy": 0.9991779535682939,
    "f1_macro": 0.9770863068869207,
    "f1_weighted": 0.9991964487217488,
    "precision_macro": 0.9565601098254559,
    "recall_macro": 0.999585394661231,
    "roc_auc": 0.9999679748468064
  },
  "per_class_metrics": {
    "precision": {
      "BENIGN": 0.913120219650912,
      "DDoS_SYN": 1.0
    },
    "recall": {
      "BENIGN": 1.0,
      "DDoS_SYN": 0.9991707893224618
    },
    "f1_score": {
      "BENIGN": 0.9545873910814967,
      "DDoS_SYN": 0.9995852226923447
    }
  },
  "confusion_matrix": [
    [
      4656,
      0
    ],
    [
      443,
      533800
    ]
  ],
  "best_val_f1": 0.9780221798390072
}