{
  "accuracy": 0.9796251245595186,
  "f1_macro": 0.6918390484706656,
  "precision": 0.6315423281315827,
  "recall": 0.874116457459385,
  "roc_auc": 0.9410438268956248,
  "inference_time": 0.1499342918395996
}