{
  "accuracy": 0.9999164964121292,
  "f1_macro": 0.9975722669268989,
  "f1_weighted": 0.999916660204955,
  "precision_macro": 0.995628048156598,
  "recall_macro": 0.9995320746837258,
  "roc_auc": 0.9999979112020423,
  "per_class_precision": {
    "BENIGN": 0.9912635840613679,
    "DDoS_SYN": 0.999992512251828
  },
  "per_class_recall": {
    "BENIGN": 0.9991408934707904,
    "DDoS_SYN": 0.9999232558966613
  },
  "classification_report": {
    "BENIGN": {
      "precision": 0.9912635840613679,
      "recall": 0.9991408934707904,
      "f1-score": 0.9951866509787143,
      "support": 4656.0
    },
    "DDoS_SYN": {
      "precision": 0.999992512251828,
      "recall": 0.9999232558966613,
      "f1-score": 0.9999578828750835,
      "support": 534243.0
    },
    "accuracy": 0.9999164964121292,
    "macro avg": {
      "precision": 0.995628048156598,
      "recall": 0.9995320746837258,
      "f1-score": 0.9975722669268989,
      "support": 538899.0
    },
    "weighted avg": {
      "precision": 0.999917095727294,
      "recall": 0.9999164964121292,
      "f1-score": 0.999916660204955,
      "support": 538899.0
    }
  },
  "inference_time": 0.30669593811035156,
  "classes": [
    "BENIGN",
    "DDoS_SYN"
  ]
}